Id,Company Name
1,BluePeak Consulting
2,SolarFlare Energy
3,QuantumLeap Technologies
4,EcoSolutions
5,BrightFutures Education
6,NewHorizon Investments
7,FreshStart Wellness
8,InfinityGames
9,UrbanVista Real Estate
10,OceanBreeze Travel
11,Zenith Innovations
12,CyberSphere Security
13,CrystalClear Water
14,FutureFocus Media
15,GreenHarvest Agriculture
16,NextStep Career Services
17,CloudNine Software
18,Starlight Entertainment
19,PureHarmony Spa
20,DiamondCut Jewellers
21,Apex Dynamics
22,BioBloom Botanicals
23,SkyHigh Construction
24,Insightful Analytics
25,GlobalConnection Telecom
26,RadiantBeauty Salon
27,SwiftTransport Logistics
28,Platinum Finance
29,NextGen Robotics
30,ElitePerformance Sports
31,CosmicEvent Planners
32,UrbanGroove Music
33,GoldenAge Retirement Homes
34,RiverFlow Hydropower
35,ArcticCool Air Conditioning
36,TerraFirma Landscaping
37,VirtualVision VR
38,Sunburst Solar
39,AquaPurity Filters
40,Keystone Architecture
41,PrimePulse Fitness
42,SmartBrain Tutoring
43,MysticArts Gallery
44,Ironclad Security
45,OptimumHealth Clinics
46,Luminous Lighting
47,WaveRider Surf Shop
48,EmberFire Grills
49,EchoTech Acoustics
50,PrismDesign Studios
51,FrostByte IT Services
52,PhoenixRising Counselling
53,SerenityYoga Studio
54,Catalyst Marketing
55,DreamWeave Textiles
56,AmberBrew Cafes
57,TrailBlazer Outdoors
58,NimbusCloud Computing
59,VineyardValley Wines
60,Celestial Cosmetics
61,UrbanEdge Fashion
62,RiverRun Kayaking
63,PetParadise Supplies
64,EverGrow Gardening
65,Skyline Photography
66,OceanDeep Diving
67,PureStream Water Filtration
68,RubyRed Studios
69,LavishLifestyle Interiors
70,CyberNet Tech Solutions
71,SapphireEvents Management
72,WildSpirit Adventures
73,Pinnacle Peak Hiking Gear
74,UrbanRhythms Dance Studio
75,PolarIce Creamery
76,LuxeLimo Services
77,VintageVibes Music Store
78,TimelessTreasures Antiques
79,PulsePoint Fitness
80,WindWhisper Renewable Energy
81,UnityBank Financial Services
82,BrightIdea Innovations
83,HarmonyHomes Real Estate
84,OceanMist Cruises
85,TerraTech Environmental
86,AlphaWolf Security
87,ZenGardens Landscaping
88,PureElement Water Systems
89,ElectricSpark Auto
90,MountainMajesty Tourism
91,ForestHaven Camping
92,AquaMarine Marine Services
93,VelvetVoice Recording Studio
94,GreenLeaf Vegan Cafe
95,FireFly Energy Solutions
96,CosmicCuisine Catering
97,ArcticExpedition Tours
98,RetroRevival Fashion
99,UrbanBloom Florist
100,StarShine Observatory
